,0
0,https://www.findahaunt.com/single/14936
1,https://www.findahaunt.com/single/10677
2,https://www.findahaunt.com/single/10675
3,https://www.findahaunt.com/single/18988
4,https://www.findahaunt.com/single/17887
5,https://www.findahaunt.com/single/10426
6,https://www.findahaunt.com/single/10674
7,https://www.findahaunt.com/single/13655
8,https://www.findahaunt.com/single/11556
9,https://www.findahaunt.com/single/12887
10,https://www.findahaunt.com/single/18281
11,https://www.findahaunt.com/single/11557
12,https://www.findahaunt.com/single/14989
13,https://www.findahaunt.com/single/17126
14,https://www.findahaunt.com/single/14956
15,https://www.findahaunt.com/single/12473
16,https://www.findahaunt.com/single/15657
17,https://www.findahaunt.com/single/15661
18,https://www.findahaunt.com/single/13950
19,https://www.findahaunt.com/single/13949
20,https://www.findahaunt.com/single/12885
21,https://www.findahaunt.com/single/14155
22,https://www.findahaunt.com/single/14971
23,https://www.findahaunt.com/single/14972
24,https://www.findahaunt.com/single/14973
25,https://www.findahaunt.com/single/14990
26,https://www.findahaunt.com/single/14991
27,https://www.findahaunt.com/single/14153
28,https://www.findahaunt.com/single/14945
29,https://www.findahaunt.com/single/18253
30,https://www.findahaunt.com/single/17163
31,https://www.findahaunt.com/single/14957
32,https://www.findahaunt.com/single/16296
33,https://www.findahaunt.com/single/14974
34,https://www.findahaunt.com/single/14975
35,https://www.findahaunt.com/single/16178
36,https://www.findahaunt.com/single/17129
37,https://www.findahaunt.com/single/15672
38,https://www.findahaunt.com/single/17069
39,https://www.findahaunt.com/single/13952
40,https://www.findahaunt.com/single/10679
41,https://www.findahaunt.com/single/17822
42,https://www.findahaunt.com/single/10661
43,https://www.findahaunt.com/single/13948
44,https://www.findahaunt.com/single/14984
45,https://www.findahaunt.com/single/13168
46,https://www.findahaunt.com/single/13166
47,https://www.findahaunt.com/single/15711
48,https://www.findahaunt.com/single/18738
49,https://www.findahaunt.com/single/13167
50,https://www.findahaunt.com/single/15769
51,https://www.findahaunt.com/single/14968
52,https://www.findahaunt.com/single/10195
53,https://www.findahaunt.com/single/18917
54,https://www.findahaunt.com/single/12539
55,https://www.findahaunt.com/single/10262
56,https://www.findahaunt.com/single/10712
57,https://www.findahaunt.com/single/10266
58,https://www.findahaunt.com/single/10133
59,https://www.findahaunt.com/single/14643
60,https://www.findahaunt.com/single/10352
61,https://www.findahaunt.com/single/18709
62,https://www.findahaunt.com/single/12029
63,https://www.findahaunt.com/single/12834
64,https://www.findahaunt.com/single/11035
65,https://www.findahaunt.com/single/10142
66,https://www.findahaunt.com/single/17933
67,https://www.findahaunt.com/single/10846
68,https://www.findahaunt.com/single/10485
69,https://www.findahaunt.com/single/13559
70,https://www.findahaunt.com/single/18930
71,https://www.findahaunt.com/single/13414
72,https://www.findahaunt.com/single/10366
73,https://www.findahaunt.com/single/11979
74,https://www.findahaunt.com/single/10271
75,https://www.findahaunt.com/single/10408
76,https://www.findahaunt.com/single/10647
77,https://www.findahaunt.com/single/11501
78,https://www.findahaunt.com/single/18898
79,https://www.findahaunt.com/single/18158
80,https://www.findahaunt.com/single/10226
81,https://www.findahaunt.com/single/11018
82,https://www.findahaunt.com/single/10439
83,https://www.findahaunt.com/single/14040
84,https://www.findahaunt.com/single/11139
85,https://www.findahaunt.com/single/10264
86,https://www.findahaunt.com/single/11136
87,https://www.findahaunt.com/single/12601
88,https://www.findahaunt.com/single/18250
89,https://www.findahaunt.com/single/10440
90,https://www.findahaunt.com/single/11142
91,https://www.findahaunt.com/single/11553
92,https://www.findahaunt.com/single/10932
93,https://www.findahaunt.com/single/13600
94,https://www.findahaunt.com/single/11554
95,https://www.findahaunt.com/single/10238
96,https://www.findahaunt.com/single/15991
97,https://www.findahaunt.com/single/10473
98,https://www.findahaunt.com/single/17874
99,https://www.findahaunt.com/single/12876
100,https://www.findahaunt.com/single/10783
101,https://www.findahaunt.com/single/12725
102,https://www.findahaunt.com/single/18701
103,https://www.findahaunt.com/single/12375
104,https://www.findahaunt.com/single/11241
105,https://www.findahaunt.com/single/13923
106,https://www.findahaunt.com/single/10709
107,https://www.findahaunt.com/single/18474
108,https://www.findahaunt.com/single/15985
109,https://www.findahaunt.com/single/16108
110,https://www.findahaunt.com/single/12306
111,https://www.findahaunt.com/single/11716
112,https://www.findahaunt.com/single/14954
113,https://www.findahaunt.com/single/10192
114,https://www.findahaunt.com/single/10323
115,https://www.findahaunt.com/single/14955
116,https://www.findahaunt.com/single/12378
117,https://www.findahaunt.com/single/16234
118,https://www.findahaunt.com/single/11130
119,https://www.findahaunt.com/single/14536
120,https://www.findahaunt.com/single/12799
121,https://www.findahaunt.com/single/13826
122,https://www.findahaunt.com/single/13824
123,https://www.findahaunt.com/single/18791
124,https://www.findahaunt.com/single/12880
125,https://www.findahaunt.com/single/14456
126,https://www.findahaunt.com/single/15834
127,https://www.findahaunt.com/single/13818
128,https://www.findahaunt.com/single/11134
129,https://www.findahaunt.com/single/14534
130,https://www.findahaunt.com/single/17929
131,https://www.findahaunt.com/single/17530
132,https://www.findahaunt.com/single/15194
133,https://www.findahaunt.com/single/10495
134,https://www.findahaunt.com/single/18671
135,https://www.findahaunt.com/single/14035
136,https://www.findahaunt.com/single/11003
137,https://www.findahaunt.com/single/11538
138,https://www.findahaunt.com/single/14892
139,https://www.findahaunt.com/single/11024
140,https://www.findahaunt.com/single/13959
141,https://www.findahaunt.com/single/16203
142,https://www.findahaunt.com/single/17930
143,https://www.findahaunt.com/single/14952
144,https://www.findahaunt.com/single/16293
145,https://www.findahaunt.com/single/17900
146,https://www.findahaunt.com/single/10644
147,https://www.findahaunt.com/single/12665
148,https://www.findahaunt.com/single/12547
149,https://www.findahaunt.com/single/16315
150,https://www.findahaunt.com/single/14010
151,https://www.findahaunt.com/single/15394
152,https://www.findahaunt.com/single/12384
153,https://www.findahaunt.com/single/11522
154,https://www.findahaunt.com/single/11141
155,https://www.findahaunt.com/single/10650
156,https://www.findahaunt.com/single/14996
157,https://www.findahaunt.com/single/12878
158,https://www.findahaunt.com/single/11239
159,https://www.findahaunt.com/single/13953
160,https://www.findahaunt.com/single/12381
161,https://www.findahaunt.com/single/13899
162,https://www.findahaunt.com/single/11511
163,https://www.findahaunt.com/single/13954
164,https://www.findahaunt.com/single/13901
165,https://www.findahaunt.com/single/13874
166,https://www.findahaunt.com/single/15379
167,https://www.findahaunt.com/single/10669
168,https://www.findahaunt.com/single/13957
169,https://www.findahaunt.com/single/15393
170,https://www.findahaunt.com/single/11332
171,https://www.findahaunt.com/single/17017
172,https://www.findahaunt.com/single/18035
173,https://www.findahaunt.com/single/11637
174,https://www.findahaunt.com/single/13136
175,https://www.findahaunt.com/single/10522
176,https://www.findahaunt.com/single/11648
177,https://www.findahaunt.com/single/11694
178,https://www.findahaunt.com/single/10257
179,https://www.findahaunt.com/single/10243
180,https://www.findahaunt.com/single/11641
181,https://www.findahaunt.com/single/13395
182,https://www.findahaunt.com/single/10097
183,https://www.findahaunt.com/single/10119
184,https://www.findahaunt.com/single/16149
185,https://www.findahaunt.com/single/11653
186,https://www.findahaunt.com/single/10450
187,https://www.findahaunt.com/single/18053
188,https://www.findahaunt.com/single/10460
189,https://www.findahaunt.com/single/11690
190,https://www.findahaunt.com/single/13144
191,https://www.findahaunt.com/single/17885
192,https://www.findahaunt.com/single/14646
193,https://www.findahaunt.com/single/14648
194,https://www.findahaunt.com/single/14647
195,https://www.findahaunt.com/single/13100
196,https://www.findahaunt.com/single/11670
197,https://www.findahaunt.com/single/17955
198,https://www.findahaunt.com/single/10229
199,https://www.findahaunt.com/single/11629
200,https://www.findahaunt.com/single/14689
201,https://www.findahaunt.com/single/12235
202,https://www.findahaunt.com/single/14690
203,https://www.findahaunt.com/single/14675
204,https://www.findahaunt.com/single/13099
205,https://www.findahaunt.com/single/11617
206,https://www.findahaunt.com/single/13131
207,https://www.findahaunt.com/single/11685
208,https://www.findahaunt.com/single/13342
209,https://www.findahaunt.com/single/11615
210,https://www.findahaunt.com/single/12554
211,https://www.findahaunt.com/single/14641
212,https://www.findahaunt.com/single/11644
213,https://www.findahaunt.com/single/14667
214,https://www.findahaunt.com/single/14665
215,https://www.findahaunt.com/single/14673
216,https://www.findahaunt.com/single/10665
217,https://www.findahaunt.com/single/13270
218,https://www.findahaunt.com/single/10668
219,https://www.findahaunt.com/single/13269
220,https://www.findahaunt.com/single/13267
221,https://www.findahaunt.com/single/13958
222,https://www.findahaunt.com/single/16185
223,https://www.findahaunt.com/single/13187
224,https://www.findahaunt.com/single/18140
225,https://www.findahaunt.com/single/10760
226,https://www.findahaunt.com/single/10733
227,https://www.findahaunt.com/single/10731
228,https://www.findahaunt.com/single/12431
229,https://www.findahaunt.com/single/13850
230,https://www.findahaunt.com/single/10423
231,https://www.findahaunt.com/single/11816
232,https://www.findahaunt.com/single/10743
233,https://www.findahaunt.com/single/17618
234,https://www.findahaunt.com/single/13369
235,https://www.findahaunt.com/single/10441
236,https://www.findahaunt.com/single/11067
237,https://www.findahaunt.com/single/10734
238,https://www.findahaunt.com/single/11077
239,https://www.findahaunt.com/single/18237
240,https://www.findahaunt.com/single/11155
241,https://www.findahaunt.com/single/10633
242,https://www.findahaunt.com/single/13183
243,https://www.findahaunt.com/single/13814
244,https://www.findahaunt.com/single/15604
245,https://www.findahaunt.com/single/13186
246,https://www.findahaunt.com/single/13184
247,https://www.findahaunt.com/single/16017
248,https://www.findahaunt.com/single/13182
249,https://www.findahaunt.com/single/10416
250,https://www.findahaunt.com/single/10958
251,https://www.findahaunt.com/single/13192
252,https://www.findahaunt.com/single/12011
253,https://www.findahaunt.com/single/11830
254,https://www.findahaunt.com/single/13256
255,https://www.findahaunt.com/single/13188
256,https://www.findahaunt.com/single/13473
257,https://www.findahaunt.com/single/18995
258,https://www.findahaunt.com/single/13859
259,https://www.findahaunt.com/single/13332
260,https://www.findahaunt.com/single/13189
261,https://www.findahaunt.com/single/13329
262,https://www.findahaunt.com/single/10937
263,https://www.findahaunt.com/single/13816
264,https://www.findahaunt.com/single/12836
265,https://www.findahaunt.com/single/15592
266,https://www.findahaunt.com/single/13815
267,https://www.findahaunt.com/single/13802
268,https://www.findahaunt.com/single/15103
269,https://www.findahaunt.com/single/15085
270,https://www.findahaunt.com/single/11700
271,https://www.findahaunt.com/single/15591
272,https://www.findahaunt.com/single/18051
273,https://www.findahaunt.com/single/13819
274,https://www.findahaunt.com/single/12281
275,https://www.findahaunt.com/single/15140
276,https://www.findahaunt.com/single/10761
277,https://www.findahaunt.com/single/12466
278,https://www.findahaunt.com/single/10739
279,https://www.findahaunt.com/single/10735
280,https://www.findahaunt.com/single/13411
281,https://www.findahaunt.com/single/11013
282,https://www.findahaunt.com/single/10752
283,https://www.findahaunt.com/single/12053
284,https://www.findahaunt.com/single/10740
285,https://www.findahaunt.com/single/13804
286,https://www.findahaunt.com/single/19057
287,https://www.findahaunt.com/single/16384
288,https://www.findahaunt.com/single/18989
289,https://www.findahaunt.com/single/10700
290,https://www.findahaunt.com/single/10693
291,https://www.findahaunt.com/single/12610
292,https://www.findahaunt.com/single/12976
293,https://www.findahaunt.com/single/14749
294,https://www.findahaunt.com/single/13092
295,https://www.findahaunt.com/single/13021
296,https://www.findahaunt.com/single/14730
297,https://www.findahaunt.com/single/14753
298,https://www.findahaunt.com/single/12969
299,https://www.findahaunt.com/single/10701
300,https://www.findahaunt.com/single/13050
301,https://www.findahaunt.com/single/13075
302,https://www.findahaunt.com/single/16555
303,https://www.findahaunt.com/single/13260
304,https://www.findahaunt.com/single/11742
305,https://www.findahaunt.com/single/18012
306,https://www.findahaunt.com/single/12249
307,https://www.findahaunt.com/single/12985
308,https://www.findahaunt.com/single/12975
309,https://www.findahaunt.com/single/13527
310,https://www.findahaunt.com/single/18711
311,https://www.findahaunt.com/single/13810
312,https://www.findahaunt.com/single/10615
313,https://www.findahaunt.com/single/12238
314,https://www.findahaunt.com/single/18208
315,https://www.findahaunt.com/single/10609
316,https://www.findahaunt.com/single/10764
317,https://www.findahaunt.com/single/17840
318,https://www.findahaunt.com/single/17781
319,https://www.findahaunt.com/single/10621
320,https://www.findahaunt.com/single/19072
321,https://www.findahaunt.com/single/12581
322,https://www.findahaunt.com/single/10607
323,https://www.findahaunt.com/single/18240
324,https://www.findahaunt.com/single/17953
325,https://www.findahaunt.com/single/10613
326,https://www.findahaunt.com/single/11063
327,https://www.findahaunt.com/single/17657
328,https://www.findahaunt.com/single/15512
329,https://www.findahaunt.com/single/13801
330,https://www.findahaunt.com/single/18310
331,https://www.findahaunt.com/single/10545
332,https://www.findahaunt.com/single/10763
333,https://www.findahaunt.com/single/12470
334,https://www.findahaunt.com/single/17867
335,https://www.findahaunt.com/single/19143
336,https://www.findahaunt.com/single/10608
337,https://www.findahaunt.com/single/18754
338,https://www.findahaunt.com/single/17850
339,https://www.findahaunt.com/single/10605
340,https://www.findahaunt.com/single/18986
341,https://www.findahaunt.com/single/15911
342,https://www.findahaunt.com/single/11215
343,https://www.findahaunt.com/single/10757
344,https://www.findahaunt.com/single/12294
345,https://www.findahaunt.com/single/14941
346,https://www.findahaunt.com/single/12807
347,https://www.findahaunt.com/single/13905
348,https://www.findahaunt.com/single/14897
349,https://www.findahaunt.com/single/15500
350,https://www.findahaunt.com/single/13338
351,https://www.findahaunt.com/single/10738
352,https://www.findahaunt.com/single/13808
353,https://www.findahaunt.com/single/15516
354,https://www.findahaunt.com/single/13404
355,https://www.findahaunt.com/single/15234
356,https://www.findahaunt.com/single/13857
357,https://www.findahaunt.com/single/14926
358,https://www.findahaunt.com/single/10737
359,https://www.findahaunt.com/single/13862
360,https://www.findahaunt.com/single/15525
361,https://www.findahaunt.com/single/14900
362,https://www.findahaunt.com/single/13860
363,https://www.findahaunt.com/single/15522
364,https://www.findahaunt.com/single/13321
365,https://www.findahaunt.com/single/15501
366,https://www.findahaunt.com/single/10626
367,https://www.findahaunt.com/single/12842
368,https://www.findahaunt.com/single/13501
369,https://www.findahaunt.com/single/12385
370,https://www.findahaunt.com/single/12882
371,https://www.findahaunt.com/single/12850
372,https://www.findahaunt.com/single/13979
373,https://www.findahaunt.com/single/12840
374,https://www.findahaunt.com/single/12853
375,https://www.findahaunt.com/single/18909
376,https://www.findahaunt.com/single/16349
377,https://www.findahaunt.com/single/13894
378,https://www.findahaunt.com/single/19019
379,https://www.findahaunt.com/single/16344
380,https://www.findahaunt.com/single/11523
381,https://www.findahaunt.com/single/12377
382,https://www.findahaunt.com/single/15615
383,https://www.findahaunt.com/single/15566
384,https://www.findahaunt.com/single/11534
385,https://www.findahaunt.com/single/16342
386,https://www.findahaunt.com/single/12379
387,https://www.findahaunt.com/single/15383
388,https://www.findahaunt.com/single/15392
389,https://www.findahaunt.com/single/18081
390,https://www.findahaunt.com/single/16376
391,https://www.findahaunt.com/single/12902
392,https://www.findahaunt.com/single/12852
393,https://www.findahaunt.com/single/13896
394,https://www.findahaunt.com/single/12845
395,https://www.findahaunt.com/single/12907
396,https://www.findahaunt.com/single/12851
397,https://www.findahaunt.com/single/13469
398,https://www.findahaunt.com/single/15502
399,https://www.findahaunt.com/single/13853
400,https://www.findahaunt.com/single/12775
401,https://www.findahaunt.com/single/15515
402,https://www.findahaunt.com/single/15606
403,https://www.findahaunt.com/single/13813
404,https://www.findahaunt.com/single/18298
405,https://www.findahaunt.com/single/11214
406,https://www.findahaunt.com/single/11850
407,https://www.findahaunt.com/single/12812
408,https://www.findahaunt.com/single/18060
409,https://www.findahaunt.com/single/13946
410,https://www.findahaunt.com/single/11403
411,https://www.findahaunt.com/single/11405
412,https://www.findahaunt.com/single/18249
413,https://www.findahaunt.com/single/16170
414,https://www.findahaunt.com/single/11411
415,https://www.findahaunt.com/single/12353
416,https://www.findahaunt.com/single/11406
417,https://www.findahaunt.com/single/11011
418,https://www.findahaunt.com/single/12838
419,https://www.findahaunt.com/single/15435
420,https://www.findahaunt.com/single/11153
421,https://www.findahaunt.com/single/11152
422,https://www.findahaunt.com/single/15438
423,https://www.findahaunt.com/single/11151
424,https://www.findahaunt.com/single/12824
425,https://www.findahaunt.com/single/12827
426,https://www.findahaunt.com/single/11150
427,https://www.findahaunt.com/single/18960
428,https://www.findahaunt.com/single/18473
429,https://www.findahaunt.com/single/16159
430,https://www.findahaunt.com/single/12833
431,https://www.findahaunt.com/single/18888
432,https://www.findahaunt.com/single/11829
433,https://www.findahaunt.com/single/18717
434,https://www.findahaunt.com/single/13334
435,https://www.findahaunt.com/single/12913
436,https://www.findahaunt.com/single/15872
437,https://www.findahaunt.com/single/10221
438,https://www.findahaunt.com/single/19144
439,https://www.findahaunt.com/single/18805
440,https://www.findahaunt.com/single/13689
441,https://www.findahaunt.com/single/18862
442,https://www.findahaunt.com/single/13472
443,https://www.findahaunt.com/single/10518
444,https://www.findahaunt.com/single/14631
445,https://www.findahaunt.com/single/12628
446,https://www.findahaunt.com/single/18245
447,https://www.findahaunt.com/single/18857
448,https://www.findahaunt.com/single/18789
449,https://www.findahaunt.com/single/12936
450,https://www.findahaunt.com/single/11684
451,https://www.findahaunt.com/single/17702
452,https://www.findahaunt.com/single/18706
453,https://www.findahaunt.com/single/11633
454,https://www.findahaunt.com/single/14625
455,https://www.findahaunt.com/single/14639
456,https://www.findahaunt.com/single/11846
457,https://www.findahaunt.com/single/18172
458,https://www.findahaunt.com/single/16161
459,https://www.findahaunt.com/single/14488
460,https://www.findahaunt.com/single/18132
461,https://www.findahaunt.com/single/18568
462,https://www.findahaunt.com/single/18227
463,https://www.findahaunt.com/single/14455
464,https://www.findahaunt.com/single/11645
465,https://www.findahaunt.com/single/14470
466,https://www.findahaunt.com/single/14487
467,https://www.findahaunt.com/single/14476
468,https://www.findahaunt.com/single/18159
469,https://www.findahaunt.com/single/14696
470,https://www.findahaunt.com/single/12408
471,https://www.findahaunt.com/single/17456
472,https://www.findahaunt.com/single/12960
473,https://www.findahaunt.com/single/14472
474,https://www.findahaunt.com/single/18075
475,https://www.findahaunt.com/single/14479
476,https://www.findahaunt.com/single/14460
477,https://www.findahaunt.com/single/10911
478,https://www.findahaunt.com/single/18900
479,https://www.findahaunt.com/single/16949
480,https://www.findahaunt.com/single/17714
481,https://www.findahaunt.com/single/14468
482,https://www.findahaunt.com/single/11841
483,https://www.findahaunt.com/single/17453
484,https://www.findahaunt.com/single/17888
485,https://www.findahaunt.com/single/19138
486,https://www.findahaunt.com/single/13093
487,https://www.findahaunt.com/single/14642
488,https://www.findahaunt.com/single/15481
489,https://www.findahaunt.com/single/12871
490,https://www.findahaunt.com/single/18655
491,https://www.findahaunt.com/single/13362
492,https://www.findahaunt.com/single/18895
493,https://www.findahaunt.com/single/11939
494,https://www.findahaunt.com/single/18997
495,https://www.findahaunt.com/single/14694
496,https://www.findahaunt.com/single/10913
497,https://www.findahaunt.com/single/12417
498,https://www.findahaunt.com/single/11028
499,https://www.findahaunt.com/single/14459
500,https://www.findahaunt.com/single/11111
501,https://www.findahaunt.com/single/12905
502,https://www.findahaunt.com/single/12953
503,https://www.findahaunt.com/single/14708
504,https://www.findahaunt.com/single/10542
505,https://www.findahaunt.com/single/13430
506,https://www.findahaunt.com/single/19041
507,https://www.findahaunt.com/single/18933
508,https://www.findahaunt.com/single/10158
509,https://www.findahaunt.com/single/18890
510,https://www.findahaunt.com/single/18358
511,https://www.findahaunt.com/single/18757
512,https://www.findahaunt.com/single/13752
513,https://www.findahaunt.com/single/18787
514,https://www.findahaunt.com/single/18793
515,https://www.findahaunt.com/single/11547
516,https://www.findahaunt.com/single/18080
517,https://www.findahaunt.com/single/11890
518,https://www.findahaunt.com/single/18244
519,https://www.findahaunt.com/single/10256
520,https://www.findahaunt.com/single/10434
521,https://www.findahaunt.com/single/10467
522,https://www.findahaunt.com/single/12937
523,https://www.findahaunt.com/single/15630
524,https://www.findahaunt.com/single/10122
525,https://www.findahaunt.com/single/15620
526,https://www.findahaunt.com/single/12482
527,https://www.findahaunt.com/single/13761
528,https://www.findahaunt.com/single/12662
529,https://www.findahaunt.com/single/12661
530,https://www.findahaunt.com/single/11895
531,https://www.findahaunt.com/single/17413
532,https://www.findahaunt.com/single/18059
533,https://www.findahaunt.com/single/12663
534,https://www.findahaunt.com/single/17854
535,https://www.findahaunt.com/single/14644
536,https://www.findahaunt.com/single/14660
537,https://www.findahaunt.com/single/14658
538,https://www.findahaunt.com/single/11619
539,https://www.findahaunt.com/single/11679
540,https://www.findahaunt.com/single/14661
541,https://www.findahaunt.com/single/14663
542,https://www.findahaunt.com/single/14621
543,https://www.findahaunt.com/single/17849
544,https://www.findahaunt.com/single/13147
545,https://www.findahaunt.com/single/13145
546,https://www.findahaunt.com/single/14497
547,https://www.findahaunt.com/single/13662
548,https://www.findahaunt.com/single/16109
549,https://www.findahaunt.com/single/12921
550,https://www.findahaunt.com/single/14709
551,https://www.findahaunt.com/single/13665
552,https://www.findahaunt.com/single/18928
553,https://www.findahaunt.com/single/17435
554,https://www.findahaunt.com/single/11943
555,https://www.findahaunt.com/single/18113
556,https://www.findahaunt.com/single/15612
557,https://www.findahaunt.com/single/14681
558,https://www.findahaunt.com/single/17436
559,https://www.findahaunt.com/single/18107
560,https://www.findahaunt.com/single/11942
561,https://www.findahaunt.com/single/18221
562,https://www.findahaunt.com/single/18103
563,https://www.findahaunt.com/single/12914
564,https://www.findahaunt.com/single/12918
565,https://www.findahaunt.com/single/18379
566,https://www.findahaunt.com/single/15971
567,https://www.findahaunt.com/single/12364
568,https://www.findahaunt.com/single/18891
569,https://www.findahaunt.com/single/13785
570,https://www.findahaunt.com/single/13766
571,https://www.findahaunt.com/single/13759
572,https://www.findahaunt.com/single/11108
573,https://www.findahaunt.com/single/10233
574,https://www.findahaunt.com/single/10216
575,https://www.findahaunt.com/single/11048
576,https://www.findahaunt.com/single/12325
577,https://www.findahaunt.com/single/18185
578,https://www.findahaunt.com/single/12126
579,https://www.findahaunt.com/single/12330
580,https://www.findahaunt.com/single/13764
581,https://www.findahaunt.com/single/10319
582,https://www.findahaunt.com/single/12104
583,https://www.findahaunt.com/single/11384
584,https://www.findahaunt.com/single/13754
585,https://www.findahaunt.com/single/10369
586,https://www.findahaunt.com/single/12311
587,https://www.findahaunt.com/single/11889
588,https://www.findahaunt.com/single/11120
589,https://www.findahaunt.com/single/13214
590,https://www.findahaunt.com/single/15694
591,https://www.findahaunt.com/single/13207
592,https://www.findahaunt.com/single/13213
593,https://www.findahaunt.com/single/12901
594,https://www.findahaunt.com/single/13209
595,https://www.findahaunt.com/single/16836
596,https://www.findahaunt.com/single/13210
597,https://www.findahaunt.com/single/18861
598,https://www.findahaunt.com/single/10914
599,https://www.findahaunt.com/single/13650
600,https://www.findahaunt.com/single/17665
601,https://www.findahaunt.com/single/18881
602,https://www.findahaunt.com/single/13646
603,https://www.findahaunt.com/single/12948
604,https://www.findahaunt.com/single/18767
605,https://www.findahaunt.com/single/10912
606,https://www.findahaunt.com/single/17853
607,https://www.findahaunt.com/single/18156
608,https://www.findahaunt.com/single/13123
609,https://www.findahaunt.com/single/11323
610,https://www.findahaunt.com/single/18148
611,https://www.findahaunt.com/single/14474
612,https://www.findahaunt.com/single/12879
613,https://www.findahaunt.com/single/13282
614,https://www.findahaunt.com/single/14483
615,https://www.findahaunt.com/single/12974
616,https://www.findahaunt.com/single/15571
617,https://www.findahaunt.com/single/14471
618,https://www.findahaunt.com/single/11371
619,https://www.findahaunt.com/single/13124
620,https://www.findahaunt.com/single/13109
621,https://www.findahaunt.com/single/13125
622,https://www.findahaunt.com/single/13114
623,https://www.findahaunt.com/single/10891
624,https://www.findahaunt.com/single/10978
625,https://www.findahaunt.com/single/12269
626,https://www.findahaunt.com/single/15857
627,https://www.findahaunt.com/single/15839
628,https://www.findahaunt.com/single/12419
629,https://www.findahaunt.com/single/17068
630,https://www.findahaunt.com/single/18790
631,https://www.findahaunt.com/single/12488
632,https://www.findahaunt.com/single/18758
633,https://www.findahaunt.com/single/13194
634,https://www.findahaunt.com/single/11402
635,https://www.findahaunt.com/single/13196
636,https://www.findahaunt.com/single/11325
637,https://www.findahaunt.com/single/13299
638,https://www.findahaunt.com/single/18246
639,https://www.findahaunt.com/single/11433
640,https://www.findahaunt.com/single/11436
641,https://www.findahaunt.com/single/19037
642,https://www.findahaunt.com/single/13372
643,https://www.findahaunt.com/single/12293
644,https://www.findahaunt.com/single/10614
645,https://www.findahaunt.com/single/13121
646,https://www.findahaunt.com/single/15494
647,https://www.findahaunt.com/single/13119
648,https://www.findahaunt.com/single/11330
649,https://www.findahaunt.com/single/15068
650,https://www.findahaunt.com/single/12867
651,https://www.findahaunt.com/single/12404
652,https://www.findahaunt.com/single/12861
653,https://www.findahaunt.com/single/12874
654,https://www.findahaunt.com/single/11428
655,https://www.findahaunt.com/single/12295
656,https://www.findahaunt.com/single/12289
657,https://www.findahaunt.com/single/10611
658,https://www.findahaunt.com/single/13865
659,https://www.findahaunt.com/single/12400
660,https://www.findahaunt.com/single/11417
661,https://www.findahaunt.com/single/10983
662,https://www.findahaunt.com/single/13376
663,https://www.findahaunt.com/single/11424
664,https://www.findahaunt.com/single/12333
665,https://www.findahaunt.com/single/17131
666,https://www.findahaunt.com/single/12863
667,https://www.findahaunt.com/single/17686
668,https://www.findahaunt.com/single/15854
669,https://www.findahaunt.com/single/12869
670,https://www.findahaunt.com/single/12866
671,https://www.findahaunt.com/single/16298
672,https://www.findahaunt.com/single/11435
673,https://www.findahaunt.com/single/12855
674,https://www.findahaunt.com/single/15493
675,https://www.findahaunt.com/single/15588
676,https://www.findahaunt.com/single/13927
677,https://www.findahaunt.com/single/12557
678,https://www.findahaunt.com/single/10617
679,https://www.findahaunt.com/single/12583
680,https://www.findahaunt.com/single/12532
681,https://www.findahaunt.com/single/15086
682,https://www.findahaunt.com/single/15479
683,https://www.findahaunt.com/single/12559
684,https://www.findahaunt.com/single/15483
685,https://www.findahaunt.com/single/13943
686,https://www.findahaunt.com/single/13863
687,https://www.findahaunt.com/single/19054
688,https://www.findahaunt.com/single/12577
689,https://www.findahaunt.com/single/18181
690,https://www.findahaunt.com/single/12552
691,https://www.findahaunt.com/single/11778
692,https://www.findahaunt.com/single/14523
693,https://www.findahaunt.com/single/18876
694,https://www.findahaunt.com/single/12865
695,https://www.findahaunt.com/single/17856
696,https://www.findahaunt.com/single/14537
697,https://www.findahaunt.com/single/10622
698,https://www.findahaunt.com/single/15484
699,https://www.findahaunt.com/single/14539
700,https://www.findahaunt.com/single/18136
701,https://www.findahaunt.com/single/15498
702,https://www.findahaunt.com/single/15485
703,https://www.findahaunt.com/single/10850
704,https://www.findahaunt.com/single/17684
705,https://www.findahaunt.com/single/11050
706,https://www.findahaunt.com/single/17661
707,https://www.findahaunt.com/single/14563
708,https://www.findahaunt.com/single/18878
709,https://www.findahaunt.com/single/18732
710,https://www.findahaunt.com/single/18371
711,https://www.findahaunt.com/single/10612
712,https://www.findahaunt.com/single/11284
713,https://www.findahaunt.com/single/14557
714,https://www.findahaunt.com/single/11760
715,https://www.findahaunt.com/single/14555
716,https://www.findahaunt.com/single/18908
717,https://www.findahaunt.com/single/14629
718,https://www.findahaunt.com/single/17285
719,https://www.findahaunt.com/single/13619
720,https://www.findahaunt.com/single/17891
721,https://www.findahaunt.com/single/14542
722,https://www.findahaunt.com/single/17286
723,https://www.findahaunt.com/single/14546
724,https://www.findahaunt.com/single/14510
725,https://www.findahaunt.com/single/10853
726,https://www.findahaunt.com/single/19148
727,https://www.findahaunt.com/single/14548
728,https://www.findahaunt.com/single/11271
729,https://www.findahaunt.com/single/16191
730,https://www.findahaunt.com/single/11434
731,https://www.findahaunt.com/single/11415
732,https://www.findahaunt.com/single/10852
733,https://www.findahaunt.com/single/14541
734,https://www.findahaunt.com/single/15811
735,https://www.findahaunt.com/single/11422
736,https://www.findahaunt.com/single/11430
737,https://www.findahaunt.com/single/13653
738,https://www.findahaunt.com/single/13652
739,https://www.findahaunt.com/single/19052
740,https://www.findahaunt.com/single/11764
741,https://www.findahaunt.com/single/11765
742,https://www.findahaunt.com/single/18718
743,https://www.findahaunt.com/single/12044
744,https://www.findahaunt.com/single/11416
745,https://www.findahaunt.com/single/18197
746,https://www.findahaunt.com/single/18092
747,https://www.findahaunt.com/single/18376
748,https://www.findahaunt.com/single/18932
749,https://www.findahaunt.com/single/18254
750,https://www.findahaunt.com/single/11696
751,https://www.findahaunt.com/single/17977
752,https://www.findahaunt.com/single/13506
753,https://www.findahaunt.com/single/11475
754,https://www.findahaunt.com/single/13966
755,https://www.findahaunt.com/single/17974
756,https://www.findahaunt.com/single/16132
757,https://www.findahaunt.com/single/11498
758,https://www.findahaunt.com/single/17511
759,https://www.findahaunt.com/single/12520
760,https://www.findahaunt.com/single/13942
761,https://www.findahaunt.com/single/18194
762,https://www.findahaunt.com/single/18251
763,https://www.findahaunt.com/single/19031
764,https://www.findahaunt.com/single/10882
765,https://www.findahaunt.com/single/11378
766,https://www.findahaunt.com/single/10883
767,https://www.findahaunt.com/single/12647
768,https://www.findahaunt.com/single/11465
769,https://www.findahaunt.com/single/11731
770,https://www.findahaunt.com/single/13056
771,https://www.findahaunt.com/single/12254
772,https://www.findahaunt.com/single/13964
773,https://www.findahaunt.com/single/13465
774,https://www.findahaunt.com/single/16219
775,https://www.findahaunt.com/single/12686
776,https://www.findahaunt.com/single/12688
777,https://www.findahaunt.com/single/11725
778,https://www.findahaunt.com/single/12684
779,https://www.findahaunt.com/single/19011
780,https://www.findahaunt.com/single/11487
781,https://www.findahaunt.com/single/12626
782,https://www.findahaunt.com/single/17512
783,https://www.findahaunt.com/single/15495
784,https://www.findahaunt.com/single/12623
785,https://www.findahaunt.com/single/18189
786,https://www.findahaunt.com/single/13603
787,https://www.findahaunt.com/single/16015
788,https://www.findahaunt.com/single/12103
789,https://www.findahaunt.com/single/18004
790,https://www.findahaunt.com/single/12687
791,https://www.findahaunt.com/single/10898
792,https://www.findahaunt.com/single/12700
793,https://www.findahaunt.com/single/16288
794,https://www.findahaunt.com/single/12695
795,https://www.findahaunt.com/single/13931
796,https://www.findahaunt.com/single/12685
797,https://www.findahaunt.com/single/13262
798,https://www.findahaunt.com/single/12749
799,https://www.findahaunt.com/single/12644
800,https://www.findahaunt.com/single/19015
801,https://www.findahaunt.com/single/12607
802,https://www.findahaunt.com/single/12558
803,https://www.findahaunt.com/single/13945
804,https://www.findahaunt.com/single/12624
805,https://www.findahaunt.com/single/16152
806,https://www.findahaunt.com/single/13941
807,https://www.findahaunt.com/single/12709
808,https://www.findahaunt.com/single/14513
809,https://www.findahaunt.com/single/12731
810,https://www.findahaunt.com/single/11478
811,https://www.findahaunt.com/single/12699
812,https://www.findahaunt.com/single/11724
813,https://www.findahaunt.com/single/13011
814,https://www.findahaunt.com/single/12481
815,https://www.findahaunt.com/single/17295
816,https://www.findahaunt.com/single/12740
817,https://www.findahaunt.com/single/14500
818,https://www.findahaunt.com/single/12618
819,https://www.findahaunt.com/single/13051
820,https://www.findahaunt.com/single/12625
821,https://www.findahaunt.com/single/12970
822,https://www.findahaunt.com/single/10904
823,https://www.findahaunt.com/single/12730
824,https://www.findahaunt.com/single/17910
825,https://www.findahaunt.com/single/17747
826,https://www.findahaunt.com/single/13065
827,https://www.findahaunt.com/single/13030
828,https://www.findahaunt.com/single/12585
829,https://www.findahaunt.com/single/18248
830,https://www.findahaunt.com/single/12955
831,https://www.findahaunt.com/single/18981
832,https://www.findahaunt.com/single/11736
833,https://www.findahaunt.com/single/15742
834,https://www.findahaunt.com/single/14511
835,https://www.findahaunt.com/single/17662
836,https://www.findahaunt.com/single/15897
837,https://www.findahaunt.com/single/11777
838,https://www.findahaunt.com/single/15788
839,https://www.findahaunt.com/single/17825
840,https://www.findahaunt.com/single/14553
841,https://www.findahaunt.com/single/14613
842,https://www.findahaunt.com/single/14552
843,https://www.findahaunt.com/single/11766
844,https://www.findahaunt.com/single/14543
845,https://www.findahaunt.com/single/18983
846,https://www.findahaunt.com/single/10696
847,https://www.findahaunt.com/single/13058
848,https://www.findahaunt.com/single/12251
849,https://www.findahaunt.com/single/12984
850,https://www.findahaunt.com/single/10692
851,https://www.findahaunt.com/single/14751
852,https://www.findahaunt.com/single/12943
853,https://www.findahaunt.com/single/10685
854,https://www.findahaunt.com/single/13084
855,https://www.findahaunt.com/single/13066
856,https://www.findahaunt.com/single/14812
857,https://www.findahaunt.com/single/11491
858,https://www.findahaunt.com/single/16192
859,https://www.findahaunt.com/single/11481
860,https://www.findahaunt.com/single/17876
861,https://www.findahaunt.com/single/14544
862,https://www.findahaunt.com/single/17320
863,https://www.findahaunt.com/single/19114
864,https://www.findahaunt.com/single/12967
865,https://www.findahaunt.com/single/14781
866,https://www.findahaunt.com/single/13080
867,https://www.findahaunt.com/single/13059
868,https://www.findahaunt.com/single/12996
869,https://www.findahaunt.com/single/18176
870,https://www.findahaunt.com/single/18137
871,https://www.findahaunt.com/single/12988
872,https://www.findahaunt.com/single/10686
873,https://www.findahaunt.com/single/13025
874,https://www.findahaunt.com/single/11753
875,https://www.findahaunt.com/single/18762
876,https://www.findahaunt.com/single/12449
877,https://www.findahaunt.com/single/11307
878,https://www.findahaunt.com/single/12430
879,https://www.findahaunt.com/single/17804
880,https://www.findahaunt.com/single/16500
881,https://www.findahaunt.com/single/13732
882,https://www.findahaunt.com/single/17315
883,https://www.findahaunt.com/single/11310
884,https://www.findahaunt.com/single/13722
885,https://www.findahaunt.com/single/11387
886,https://www.findahaunt.com/single/19115
887,https://www.findahaunt.com/single/19104
888,https://www.findahaunt.com/single/13727
889,https://www.findahaunt.com/single/11393
890,https://www.findahaunt.com/single/17895
891,https://www.findahaunt.com/single/13770
892,https://www.findahaunt.com/single/11391
893,https://www.findahaunt.com/single/18073
894,https://www.findahaunt.com/single/11386
895,https://www.findahaunt.com/single/11399
896,https://www.findahaunt.com/single/14932
897,https://www.findahaunt.com/single/13772
898,https://www.findahaunt.com/single/18872
899,https://www.findahaunt.com/single/11747
900,https://www.findahaunt.com/single/16572
901,https://www.findahaunt.com/single/11392
902,https://www.findahaunt.com/single/16535
903,https://www.findahaunt.com/single/16542
904,https://www.findahaunt.com/single/17404
905,https://www.findahaunt.com/single/13517
906,https://www.findahaunt.com/single/17860
907,https://www.findahaunt.com/single/15373
908,https://www.findahaunt.com/single/19018
909,https://www.findahaunt.com/single/12355
910,https://www.findahaunt.com/single/11800
911,https://www.findahaunt.com/single/18883
912,https://www.findahaunt.com/single/10430
913,https://www.findahaunt.com/single/11796
914,https://www.findahaunt.com/single/10501
915,https://www.findahaunt.com/single/14828
916,https://www.findahaunt.com/single/13053
917,https://www.findahaunt.com/single/18090
918,https://www.findahaunt.com/single/18311
919,https://www.findahaunt.com/single/11219
920,https://www.findahaunt.com/single/18922
921,https://www.findahaunt.com/single/11755
922,https://www.findahaunt.com/single/11389
923,https://www.findahaunt.com/single/13237
924,https://www.findahaunt.com/single/10910
925,https://www.findahaunt.com/single/12765
926,https://www.findahaunt.com/single/11733
927,https://www.findahaunt.com/single/13039
928,https://www.findahaunt.com/single/13933
929,https://www.findahaunt.com/single/11734
930,https://www.findahaunt.com/single/13150
931,https://www.findahaunt.com/single/11489
932,https://www.findahaunt.com/single/17351
933,https://www.findahaunt.com/single/10908
934,https://www.findahaunt.com/single/12962
935,https://www.findahaunt.com/single/12993
936,https://www.findahaunt.com/single/11799
937,https://www.findahaunt.com/single/11783
938,https://www.findahaunt.com/single/11801
939,https://www.findahaunt.com/single/13034
940,https://www.findahaunt.com/single/12357
941,https://www.findahaunt.com/single/13038
942,https://www.findahaunt.com/single/11802
943,https://www.findahaunt.com/single/13164
944,https://www.findahaunt.com/single/11797
945,https://www.findahaunt.com/single/19014
946,https://www.findahaunt.com/single/11788
947,https://www.findahaunt.com/single/13014
948,https://www.findahaunt.com/single/16742
949,https://www.findahaunt.com/single/11250
950,https://www.findahaunt.com/single/13232
951,https://www.findahaunt.com/single/11251
952,https://www.findahaunt.com/single/13235
953,https://www.findahaunt.com/single/18063
954,https://www.findahaunt.com/single/11218
955,https://www.findahaunt.com/single/13233
956,https://www.findahaunt.com/single/11217
957,https://www.findahaunt.com/single/18798
958,https://www.findahaunt.com/single/17299
959,https://www.findahaunt.com/single/17094
960,https://www.findahaunt.com/single/13236
961,https://www.findahaunt.com/single/11358
962,https://www.findahaunt.com/single/17207
963,https://www.findahaunt.com/single/11805
964,https://www.findahaunt.com/single/17199
965,https://www.findahaunt.com/single/18747
966,https://www.findahaunt.com/single/11806
967,https://www.findahaunt.com/single/17203
968,https://www.findahaunt.com/single/11807
969,https://www.findahaunt.com/single/17236
970,https://www.findahaunt.com/single/13222
971,https://www.findahaunt.com/single/19042
972,https://www.findahaunt.com/single/13977
973,https://www.findahaunt.com/single/18173
974,https://www.findahaunt.com/single/13223
975,https://www.findahaunt.com/single/11298
976,https://www.findahaunt.com/single/11723
977,https://www.findahaunt.com/single/11290
978,https://www.findahaunt.com/single/17147
979,https://www.findahaunt.com/single/12753
980,https://www.findahaunt.com/single/14501
981,https://www.findahaunt.com/single/17292
982,https://www.findahaunt.com/single/15345
983,https://www.findahaunt.com/single/12754
984,https://www.findahaunt.com/single/13674
985,https://www.findahaunt.com/single/13158
986,https://www.findahaunt.com/single/16594
987,https://www.findahaunt.com/single/11339
988,https://www.findahaunt.com/single/18923
989,https://www.findahaunt.com/single/18135
990,https://www.findahaunt.com/single/15815
991,https://www.findahaunt.com/single/11348
992,https://www.findahaunt.com/single/18870
993,https://www.findahaunt.com/single/12719
994,https://www.findahaunt.com/single/13672
995,https://www.findahaunt.com/single/16614
996,https://www.findahaunt.com/single/18693
997,https://www.findahaunt.com/single/16989
998,https://www.findahaunt.com/single/13565
999,https://www.findahaunt.com/single/13564
1000,https://www.findahaunt.com/single/17767
1001,https://www.findahaunt.com/single/18000
1002,https://www.findahaunt.com/single/13160
1003,https://www.findahaunt.com/single/16593
1004,https://www.findahaunt.com/single/11354
1005,https://www.findahaunt.com/single/12436
1006,https://www.findahaunt.com/single/13892
1007,https://www.findahaunt.com/single/12360
1008,https://www.findahaunt.com/single/15849
1009,https://www.findahaunt.com/single/15910
1010,https://www.findahaunt.com/single/15799
1011,https://www.findahaunt.com/single/12631
1012,https://www.findahaunt.com/single/13203
1013,https://www.findahaunt.com/single/12641
1014,https://www.findahaunt.com/single/12613
1015,https://www.findahaunt.com/single/17994
1016,https://www.findahaunt.com/single/12724
1017,https://www.findahaunt.com/single/13227
1018,https://www.findahaunt.com/single/15106
1019,https://www.findahaunt.com/single/12639
1020,https://www.findahaunt.com/single/12468
1021,https://www.findahaunt.com/single/12617
1022,https://www.findahaunt.com/single/16843
1023,https://www.findahaunt.com/single/17754
1024,https://www.findahaunt.com/single/10827
1025,https://www.findahaunt.com/single/18522
1026,https://www.findahaunt.com/single/11115
1027,https://www.findahaunt.com/single/13975
1028,https://www.findahaunt.com/single/13712
1029,https://www.findahaunt.com/single/14798
1030,https://www.findahaunt.com/single/14786
1031,https://www.findahaunt.com/single/17766
1032,https://www.findahaunt.com/single/18171
1033,https://www.findahaunt.com/single/17070
1034,https://www.findahaunt.com/single/10803
1035,https://www.findahaunt.com/single/13429
1036,https://www.findahaunt.com/single/12813
1037,https://www.findahaunt.com/single/18411
1038,https://www.findahaunt.com/single/11196
1039,https://www.findahaunt.com/single/13993
1040,https://www.findahaunt.com/single/13688
1041,https://www.findahaunt.com/single/12817
1042,https://www.findahaunt.com/single/13687
1043,https://www.findahaunt.com/single/13983
1044,https://www.findahaunt.com/single/18944
1045,https://www.findahaunt.com/single/18899
1046,https://www.findahaunt.com/single/18892
1047,https://www.findahaunt.com/single/13200
1048,https://www.findahaunt.com/single/12635
1049,https://www.findahaunt.com/single/12637
1050,https://www.findahaunt.com/single/13890
1051,https://www.findahaunt.com/single/12638
1052,https://www.findahaunt.com/single/12621
1053,https://www.findahaunt.com/single/11197
1054,https://www.findahaunt.com/single/10804
1055,https://www.findahaunt.com/single/12815
1056,https://www.findahaunt.com/single/12261
1057,https://www.findahaunt.com/single/10771
1058,https://www.findahaunt.com/single/18982
1059,https://www.findahaunt.com/single/11183
1060,https://www.findahaunt.com/single/12511
1061,https://www.findahaunt.com/single/13678
1062,https://www.findahaunt.com/single/13981
1063,https://www.findahaunt.com/single/13984
1064,https://www.findahaunt.com/single/13973
1065,https://www.findahaunt.com/single/12805
1066,https://www.findahaunt.com/single/10654
1067,https://www.findahaunt.com/single/13745
1068,https://www.findahaunt.com/single/13133
1069,https://www.findahaunt.com/single/14008
1070,https://www.findahaunt.com/single/10657
1071,https://www.findahaunt.com/single/13685
1072,https://www.findahaunt.com/single/19062
1073,https://www.findahaunt.com/single/12796
1074,https://www.findahaunt.com/single/13138
1075,https://www.findahaunt.com/single/15795
1076,https://www.findahaunt.com/single/11189
1077,https://www.findahaunt.com/single/13134
1078,https://www.findahaunt.com/single/13140
1079,https://www.findahaunt.com/single/11193
1080,https://www.findahaunt.com/single/12820
1081,https://www.findahaunt.com/single/14016
1082,https://www.findahaunt.com/single/18976
1083,https://www.findahaunt.com/single/13971
1084,https://www.findahaunt.com/single/15301
1085,https://www.findahaunt.com/single/10798
1086,https://www.findahaunt.com/single/18742
1087,https://www.findahaunt.com/single/11192
1088,https://www.findahaunt.com/single/10993
1089,https://www.findahaunt.com/single/12786
1090,https://www.findahaunt.com/single/18877
1091,https://www.findahaunt.com/single/13976
1092,https://www.findahaunt.com/single/11976
1093,https://www.findahaunt.com/single/12781
1094,https://www.findahaunt.com/single/17186
1095,https://www.findahaunt.com/single/11200
1096,https://www.findahaunt.com/single/12369
1097,https://www.findahaunt.com/single/17187
1098,https://www.findahaunt.com/single/18799
1099,https://www.findahaunt.com/single/10811
1100,https://www.findahaunt.com/single/11259
1101,https://www.findahaunt.com/single/17184
1102,https://www.findahaunt.com/single/12279
1103,https://www.findahaunt.com/single/11710
1104,https://www.findahaunt.com/single/11711
1105,https://www.findahaunt.com/single/19005
1106,https://www.findahaunt.com/single/12926
1107,https://www.findahaunt.com/single/11123
1108,https://www.findahaunt.com/single/17748
1109,https://www.findahaunt.com/single/10826
1110,https://www.findahaunt.com/single/11113
1111,https://www.findahaunt.com/single/11714
1112,https://www.findahaunt.com/single/16739
1113,https://www.findahaunt.com/single/17997
1114,https://www.findahaunt.com/single/14797
1115,https://www.findahaunt.com/single/12942
1116,https://www.findahaunt.com/single/14757
1117,https://www.findahaunt.com/single/12940
1118,https://www.findahaunt.com/single/12938
1119,https://www.findahaunt.com/single/11119
1120,https://www.findahaunt.com/single/14799
1121,https://www.findahaunt.com/single/13498
1122,https://www.findahaunt.com/single/13202
1123,https://www.findahaunt.com/single/14800
1124,https://www.findahaunt.com/single/14767
1125,https://www.findahaunt.com/single/17247
1126,https://www.findahaunt.com/single/19026
1127,https://www.findahaunt.com/single/11357
1128,https://www.findahaunt.com/single/18627
1129,https://www.findahaunt.com/single/15293
1130,https://www.findahaunt.com/single/17950
1131,https://www.findahaunt.com/single/11213
1132,https://www.findahaunt.com/single/11210
1133,https://www.findahaunt.com/single/18091
1134,https://www.findahaunt.com/single/11211
1135,https://www.findahaunt.com/single/15279
1136,https://www.findahaunt.com/single/13286
1137,https://www.findahaunt.com/single/16732
1138,https://www.findahaunt.com/single/13287
1139,https://www.findahaunt.com/single/17245
1140,https://www.findahaunt.com/single/13281
1141,https://www.findahaunt.com/single/16678
1142,https://www.findahaunt.com/single/16719
1143,https://www.findahaunt.com/single/16767
1144,https://www.findahaunt.com/single/16771
1145,https://www.findahaunt.com/single/16694
1146,https://www.findahaunt.com/single/16706
1147,https://www.findahaunt.com/single/13289
1148,https://www.findahaunt.com/single/12627
1149,https://www.findahaunt.com/single/11208
1150,https://www.findahaunt.com/single/16676
1151,https://www.findahaunt.com/single/15287
1152,https://www.findahaunt.com/single/16733
1153,https://www.findahaunt.com/single/16715
1154,https://www.findahaunt.com/single/16682
1155,https://www.findahaunt.com/single/16725
1156,https://www.findahaunt.com/single/17250
1157,https://www.findahaunt.com/single/16730
1158,https://www.findahaunt.com/single/16683
1159,https://www.findahaunt.com/single/16722
1160,https://www.findahaunt.com/single/16727
1161,https://www.findahaunt.com/single/16704
1162,https://www.findahaunt.com/single/16707
1163,https://www.findahaunt.com/single/13288
1164,https://www.findahaunt.com/single/16768
1165,https://www.findahaunt.com/single/16705
1166,https://www.findahaunt.com/single/16688
1167,https://www.findahaunt.com/single/16718
1168,https://www.findahaunt.com/single/16673
1169,https://www.findahaunt.com/single/16687
1170,https://www.findahaunt.com/single/16695
1171,https://www.findahaunt.com/single/16770
1172,https://www.findahaunt.com/single/16711
1173,https://www.findahaunt.com/single/16713
1174,https://www.findahaunt.com/single/16696
1175,https://www.findahaunt.com/single/16684
1176,https://www.findahaunt.com/single/16693
1177,https://www.findahaunt.com/single/16690
1178,https://www.findahaunt.com/single/16670
1179,https://www.findahaunt.com/single/16708
1180,https://www.findahaunt.com/single/16712
1181,https://www.findahaunt.com/single/16723
1182,https://www.findahaunt.com/single/16668
1183,https://www.findahaunt.com/single/16672
1184,https://www.findahaunt.com/single/16769
1185,https://www.findahaunt.com/single/11209
1186,https://www.findahaunt.com/single/16710
1187,https://www.findahaunt.com/single/16679
1188,https://www.findahaunt.com/single/16728
1189,https://www.findahaunt.com/single/16726
1190,https://www.findahaunt.com/single/16716
1191,https://www.findahaunt.com/single/16671
1192,https://www.findahaunt.com/single/14007
1193,https://www.findahaunt.com/single/15278
1194,https://www.findahaunt.com/single/16669
1195,https://www.findahaunt.com/single/16691
1196,https://www.findahaunt.com/single/16677
1197,https://www.findahaunt.com/single/16680
1198,https://www.findahaunt.com/single/16720
1199,https://www.findahaunt.com/single/18006
1200,https://www.findahaunt.com/single/16685
1201,https://www.findahaunt.com/single/16717
1202,https://www.findahaunt.com/single/16689
1203,https://www.findahaunt.com/single/13285
1204,https://www.findahaunt.com/single/16686
1205,https://www.findahaunt.com/single/16714
1206,https://www.findahaunt.com/single/11295
1207,https://www.findahaunt.com/single/12332
1208,https://www.findahaunt.com/single/17220
1209,https://www.findahaunt.com/single/17238
1210,https://www.findahaunt.com/single/17224
1211,https://www.findahaunt.com/single/17902
1212,https://www.findahaunt.com/single/17218
1213,https://www.findahaunt.com/single/17898
1214,https://www.findahaunt.com/single/17229
1215,https://www.findahaunt.com/single/14478
1216,https://www.findahaunt.com/single/13318
1217,https://www.findahaunt.com/single/11294
1218,https://www.findahaunt.com/single/17429
1219,https://www.findahaunt.com/single/12893
1220,https://www.findahaunt.com/single/11289
1221,https://www.findahaunt.com/single/17031
1222,https://www.findahaunt.com/single/16765
1223,https://www.findahaunt.com/single/17249
1224,https://www.findahaunt.com/single/17244
1225,https://www.findahaunt.com/single/16729
1226,https://www.findahaunt.com/single/13586
1227,https://www.findahaunt.com/single/11088
1228,https://www.findahaunt.com/single/11707
1229,https://www.findahaunt.com/single/11081
1230,https://www.findahaunt.com/single/11086
1231,https://www.findahaunt.com/single/18901
1232,https://www.findahaunt.com/single/11959
1233,https://www.findahaunt.com/single/16327
1234,https://www.findahaunt.com/single/18163
1235,https://www.findahaunt.com/single/12483
1236,https://www.findahaunt.com/single/12534
1237,https://www.findahaunt.com/single/12535
1238,https://www.findahaunt.com/single/18893
1239,https://www.findahaunt.com/single/12272
1240,https://www.findahaunt.com/single/12316
1241,https://www.findahaunt.com/single/18045
1242,https://www.findahaunt.com/single/18039
1243,https://www.findahaunt.com/single/12266
1244,https://www.findahaunt.com/single/15627
1245,https://www.findahaunt.com/single/13698
1246,https://www.findahaunt.com/single/16320
1247,https://www.findahaunt.com/single/16321
1248,https://www.findahaunt.com/single/16357
1249,https://www.findahaunt.com/single/12202
1250,https://www.findahaunt.com/single/11880
1251,https://www.findahaunt.com/single/13575
1252,https://www.findahaunt.com/single/18022
1253,https://www.findahaunt.com/single/16313
1254,https://www.findahaunt.com/single/16358
1255,https://www.findahaunt.com/single/16359
1256,https://www.findahaunt.com/single/13356
1257,https://www.findahaunt.com/single/12655
1258,https://www.findahaunt.com/single/13700
1259,https://www.findahaunt.com/single/16323
1260,https://www.findahaunt.com/single/18964
1261,https://www.findahaunt.com/single/16248
1262,https://www.findahaunt.com/single/10395
1263,https://www.findahaunt.com/single/10392
1264,https://www.findahaunt.com/single/16276
1265,https://www.findahaunt.com/single/10624
1266,https://www.findahaunt.com/single/17269
1267,https://www.findahaunt.com/single/13596
1268,https://www.findahaunt.com/single/17267
1269,https://www.findahaunt.com/single/13296
1270,https://www.findahaunt.com/single/11258
1271,https://www.findahaunt.com/single/11262
1272,https://www.findahaunt.com/single/11260
1273,https://www.findahaunt.com/single/14002
1274,https://www.findahaunt.com/single/18151
1275,https://www.findahaunt.com/single/12452
1276,https://www.findahaunt.com/single/10397
1277,https://www.findahaunt.com/single/13279
1278,https://www.findahaunt.com/single/12517
1279,https://www.findahaunt.com/single/12455
1280,https://www.findahaunt.com/single/18761
1281,https://www.findahaunt.com/single/18926
1282,https://www.findahaunt.com/single/13398
1283,https://www.findahaunt.com/single/18622
1284,https://www.findahaunt.com/single/18620
1285,https://www.findahaunt.com/single/18941
1286,https://www.findahaunt.com/single/19013
1287,https://www.findahaunt.com/single/13670
1288,https://www.findahaunt.com/single/18504
1289,https://www.findahaunt.com/single/18525
1290,https://www.findahaunt.com/single/11016
1291,https://www.findahaunt.com/single/13934
1292,https://www.findahaunt.com/single/13747
1293,https://www.findahaunt.com/single/10187
1294,https://www.findahaunt.com/single/11590
1295,https://www.findahaunt.com/single/15916
1296,https://www.findahaunt.com/single/12675
1297,https://www.findahaunt.com/single/18723
1298,https://www.findahaunt.com/single/16280
1299,https://www.findahaunt.com/single/13777
1300,https://www.findahaunt.com/single/12671
1301,https://www.findahaunt.com/single/16198
1302,https://www.findahaunt.com/single/18050
1303,https://www.findahaunt.com/single/10960
1304,https://www.findahaunt.com/single/13666
1305,https://www.findahaunt.com/single/16403
1306,https://www.findahaunt.com/single/10163
1307,https://www.findahaunt.com/single/11607
1308,https://www.findahaunt.com/single/17823
1309,https://www.findahaunt.com/single/16297
1310,https://www.findahaunt.com/single/13625
1311,https://www.findahaunt.com/single/16143
1312,https://www.findahaunt.com/single/13741
1313,https://www.findahaunt.com/single/13325
1314,https://www.findahaunt.com/single/12489
1315,https://www.findahaunt.com/single/16261
1316,https://www.findahaunt.com/single/13301
1317,https://www.findahaunt.com/single/18261
1318,https://www.findahaunt.com/single/11600
1319,https://www.findahaunt.com/single/11608
1320,https://www.findahaunt.com/single/16743
1321,https://www.findahaunt.com/single/18266
1322,https://www.findahaunt.com/single/13740
1323,https://www.findahaunt.com/single/11065
1324,https://www.findahaunt.com/single/12402
1325,https://www.findahaunt.com/single/12367
1326,https://www.findahaunt.com/single/10186
1327,https://www.findahaunt.com/single/13323
1328,https://www.findahaunt.com/single/18621
1329,https://www.findahaunt.com/single/18749
1330,https://www.findahaunt.com/single/13322
1331,https://www.findahaunt.com/single/13530
1332,https://www.findahaunt.com/single/16746
1333,https://www.findahaunt.com/single/11074
1334,https://www.findahaunt.com/single/13265
1335,https://www.findahaunt.com/single/10175
1336,https://www.findahaunt.com/single/16619
1337,https://www.findahaunt.com/single/12673
1338,https://www.findahaunt.com/single/13735
1339,https://www.findahaunt.com/single/17620
1340,https://www.findahaunt.com/single/16609
1341,https://www.findahaunt.com/single/11581
1342,https://www.findahaunt.com/single/11022
1343,https://www.findahaunt.com/single/18619
1344,https://www.findahaunt.com/single/13315
1345,https://www.findahaunt.com/single/16567
1346,https://www.findahaunt.com/single/13314
1347,https://www.findahaunt.com/single/16565
1348,https://www.findahaunt.com/single/13317
1349,https://www.findahaunt.com/single/10179
1350,https://www.findahaunt.com/single/13313
1351,https://www.findahaunt.com/single/19043
1352,https://www.findahaunt.com/single/12674
1353,https://www.findahaunt.com/single/13776
1354,https://www.findahaunt.com/single/13312
1355,https://www.findahaunt.com/single/11591
1356,https://www.findahaunt.com/single/10089
1357,https://www.findahaunt.com/single/16480
1358,https://www.findahaunt.com/single/13780
1359,https://www.findahaunt.com/single/13611
1360,https://www.findahaunt.com/single/11906
1361,https://www.findahaunt.com/single/16547
1362,https://www.findahaunt.com/single/19098
1363,https://www.findahaunt.com/single/16056
1364,https://www.findahaunt.com/single/16211
1365,https://www.findahaunt.com/single/18985
1366,https://www.findahaunt.com/single/16870
1367,https://www.findahaunt.com/single/16873
1368,https://www.findahaunt.com/single/11288
1369,https://www.findahaunt.com/single/16874
1370,https://www.findahaunt.com/single/13204
1371,https://www.findahaunt.com/single/13205
1372,https://www.findahaunt.com/single/16867
1373,https://www.findahaunt.com/single/12681
1374,https://www.findahaunt.com/single/11897
1375,https://www.findahaunt.com/single/11236
1376,https://www.findahaunt.com/single/15860
1377,https://www.findahaunt.com/single/17135
1378,https://www.findahaunt.com/single/12387
1379,https://www.findahaunt.com/single/18259
1380,https://www.findahaunt.com/single/11366
1381,https://www.findahaunt.com/single/15679
1382,https://www.findahaunt.com/single/13618
1383,https://www.findahaunt.com/single/18067
1384,https://www.findahaunt.com/single/17146
1385,https://www.findahaunt.com/single/13347
1386,https://www.findahaunt.com/single/18049
1387,https://www.findahaunt.com/single/17150
1388,https://www.findahaunt.com/single/17141
1389,https://www.findahaunt.com/single/17142
1390,https://www.findahaunt.com/single/17143
1391,https://www.findahaunt.com/single/15884
1392,https://www.findahaunt.com/single/15886
1393,https://www.findahaunt.com/single/17152
1394,https://www.findahaunt.com/single/17153
1395,https://www.findahaunt.com/single/17154
1396,https://www.findahaunt.com/single/17155
1397,https://www.findahaunt.com/single/17138
1398,https://www.findahaunt.com/single/17149
1399,https://www.findahaunt.com/single/16220
1400,https://www.findahaunt.com/single/11908
1401,https://www.findahaunt.com/single/16058
1402,https://www.findahaunt.com/single/16968
1403,https://www.findahaunt.com/single/16064
1404,https://www.findahaunt.com/single/17136
1405,https://www.findahaunt.com/single/17430
1406,https://www.findahaunt.com/single/11228
1407,https://www.findahaunt.com/single/13250
1408,https://www.findahaunt.com/single/18302
1409,https://www.findahaunt.com/single/11232
1410,https://www.findahaunt.com/single/13244
1411,https://www.findahaunt.com/single/11224
1412,https://www.findahaunt.com/single/18278
1413,https://www.findahaunt.com/single/17140
1414,https://www.findahaunt.com/single/13245
1415,https://www.findahaunt.com/single/13248
1416,https://www.findahaunt.com/single/11836
1417,https://www.findahaunt.com/single/11835
1418,https://www.findahaunt.com/single/17004
1419,https://www.findahaunt.com/single/13252
1420,https://www.findahaunt.com/single/13240
1421,https://www.findahaunt.com/single/11223
1422,https://www.findahaunt.com/single/18065
1423,https://www.findahaunt.com/single/16901
1424,https://www.findahaunt.com/single/11234
1425,https://www.findahaunt.com/single/17137
1426,https://www.findahaunt.com/single/13242
1427,https://www.findahaunt.com/single/13241
1428,https://www.findahaunt.com/single/17419
1429,https://www.findahaunt.com/single/11226
1430,https://www.findahaunt.com/single/13253
1431,https://www.findahaunt.com/single/11049
